代码,简称,交易所,orgId,启用,口径,备注
601233,桐昆股份,,,1,核心,涤纶长丝 POY/FDY/DTY
603225,新凤鸣,,,1,核心,涤纶长丝
603332,苏州龙杰,,,1,核心,差别化涤纶长丝
301057,汇隆新材,,,1,核心,差别化/有色涤纶长丝
002998,优彩资源,,,1,核心,再生涤纶短纤
603406,天富龙,,,1,核心,再生涤纶短纤
600527,江南高纤,,,1,核心,涤纶毛条/复合短纤
002206,海利得,,,1,核心,涤纶工业丝/帘子布
002427,尤夫股份,,,1,核心,涤纶工业丝
000936,华西股份,,,1,核心,涤纶短纤
600810,神马股份,,,1,核心,尼龙66/己二酸
000782,恒申新材,,,1,核心,锦纶（原美达股份）
601113,华鼎股份,,,1,核心,锦纶DTY
605166,聚合顺,,,1,核心,尼龙6切片 PA6
603382,海阳科技,,,1,核心,尼龙/锦纶
002064,华峰化学,,,1,核心,氨纶龙头
002254,泰和新材,,,1,核心,氨纶+芳纶
000949,新乡化纤,,,1,核心,粘胶长丝+氨纶
600063,皖维高新,,,1,核心,PVA/维纶原料
300876,蒙泰高新,,,1,核心,丙纶长丝
300699,光威复材,,,1,核心,碳纤维及复材
300777,中简科技,,,1,核心,高性能碳纤维
688295,中复神鹰,,,1,核心,碳纤维
688722,同益中,,,1,核心,超高分子量聚乙烯纤维
000420,吉林化纤,,,1,核心,粘胶+碳纤维
688065,凯赛生物,,,1,核心,生物基聚酰胺
688203,海正生材,,,1,核心,聚乳酸 PLA
000703,恒逸石化,,,1,边界,石化为主，按最大收入原则未必落 C28
002493,荣盛石化,,,1,边界,石化为主，口径有分歧
600889,南京化纤,,,1,边界,粘胶，属 C281 非合成纤维
002172,澳洋健康,,,1,边界,粘胶/医疗，业务已转型
000677,恒天海龙,,,1,边界,粘胶，ST
920077,吉林碳谷,,,0,北交所,碳纤维原丝，北交所，默认不下载
